section,key,value
header,company_name,EDS QU√âBEC
header,company_tagline,√ânergie D√©veloppement Syst√®me
header,company_subtitle,Solutions Lithium Qu√©b√©coises de Pointe
header,company_address,"195, rue Brissette, local A7, Sainte-Agathe-des-Monts"
header,company_phone,+1 (819) 323-7859
header,company_email,contact@edsquebec.com

hero,main_title,TRANSFORMEZ VOTRE TERRAIN DE GOLF AVEC LA TECHNOLOGIE LITHIUM
hero,subtitle,Kit Li-Kart LiFePO‚ÇÑ 48V 105Ah - Con√ßu et Fabriqu√© au Qu√©bec
hero,hero_image,images/golf_cart_sunset.jpg

problem,title,VOTRE D√âFI ACTUEL : LES LIMITES DES BATTERIES PLOMB
problem,performance_issue,Perte de puissance en fin de charge - impact critique sur op√©rations
problem,autonomy_new,6-8 heures (batterie neuve)
problem,autonomy_degraded,3-4 heures (apr√®s 5 ans de d√©gradation)
problem,autonomy_loss,50% de perte d'autonomie sur 5 ans
problem,charging_time,8-10 heures
problem,weight,300+ kg
problem,extra_consumption,25% sup√©rieure
problem,environmental_risk,Manipulation de plomb toxique
problem,safety_concerns,Fuites d'acide dangereuses

# Sous-sections explicatives co√ªts cach√©s
problem_details,section_1_title,üí∏ Co√ªts de Remplacement Explosifs
problem_details,section_1_subtitle,Pourquoi les batteries plomb co√ªtent si cher
problem_details,section_1_point_1,Remplacement fr√©quent tous les 2-5 ans
problem_details,section_1_point_2,{{lead_cost_replacement_unit}}$ par voiturette √† chaque remplacement
problem_details,section_1_point_3,{{lead_replacements_20y}} remplacements n√©cessaires sur 20 ans (cycle {{lead_replacement_cycle_years}} ans)
problem_details,section_1_point_4,Dont 1 remplacement gratuit sous garantie + risque bris pr√©matur√© 20%
problem_details,section_1_calculation,{{lead_replacements_paid_20y}} remplacements payants √ó {{lead_cost_replacement_unit}}$ + {{premature_failure_percent}}% risque = {{lead_replacement_cost_with_risk_20y}}$ sur 20 ans

problem_details,section_2_title,‚öôÔ∏è Maintenance Sp√©cialis√©e Co√ªteuse
problem_details,section_2_subtitle,Les frais cach√©s de l'entretien constant
problem_details,section_2_point_1,12 heures de maintenance par an obligatoires
problem_details,section_2_point_2,Technicien sp√©cialis√© √† {{lead_technician_hourly_rate}}$ de l'heure
problem_details,section_2_point_3,V√©rification hebdomadaire eau distill√©e
problem_details,section_2_point_4,Nettoyage et inspection des bornes
problem_details,section_2_calculation,{{lead_maintenance_hours_unit}}h √ó {{lead_technician_hourly_rate}}$ √ó 20 ans = {{lead_maintenance_total_20y}}$ par voiturette sur 20 ans

problem_details,section_3_title,üö® Risques et Pertes Op√©rationnelles
problem_details,section_3_subtitle,Les co√ªts que personne ne vous dit
problem_details,section_3_point_1,Pannes en plein parcours = remboursements clients
problem_details,section_3_point_2,Surconsommation √©lectrique de 25%
problem_details,section_3_point_3,Assurances major√©es pour mati√®res dangereuses
problem_details,section_3_point_4,Frais de recyclage et manipulation toxique
problem_details,section_3_calculation,{{revenue_loss_yearly}}$ + {{overconsumption_cost_yearly}}$ + {{insurance_increase_yearly}}$ + {{recycling_disposal_cost}}$ = {{operational_risks_calculation_yearly}}$ par voiturette par an

problem_details,section_4_title,üí∞ TOTAL des Co√ªts Cach√©s R√©els
problem_details,section_4_subtitle,Le vrai co√ªt explosif des batteries plomb
problem_details,section_4_point_1,Remplacements + maintenance + risques
problem_details,section_4_point_2,Remplacements avec risque: {{lead_replacement_cost_with_risk_20y}}$ + Maintenance: {{lead_maintenance_total_20y}}$ + Risques op√©rationnels: {{operational_risks_calculation_yearly}}$ √ó 20 ans = {{operational_risks_calculation_yearly * 20}}$ + Recyclage: {{recycling_disposal_cost * lead_replacements_20y}}$
problem_details,section_4_point_3,Plus de {{lead_total_20y_per_cart}}$ par voiturette r√©ellement
problem_details,section_4_point_4,Vs lithium EDS : co√ªt fixe pr√©visible mensuel
problem_details,section_4_calculation,TOTAL R√âEL avec risque de bris pr√©matur√© : {{lead_total_20y_per_cart}}$ par voiturette sur 20 ans

solution,title,NOTRE SOLUTION R√âVOLUTIONNAIRE
solution,product_name,Kit Li-Kart LiFePO‚ÇÑ 48V 105Ah - EDS Qu√©bec
solution,autonomy,Performance constante jusqu'√† 95% de d√©charge
solution,autonomy_hours,10-12 heures d'utilisation constante
solution,autonomy_degraded,Aucune d√©gradation sur 15+ ans
solution,cycles,Plus de 8 000 cycles
solution,lifespan,15-20 ans
solution,charge_time,2 heures
solution,maintenance,Z√©ro maintenance requise
solution,weight,40 kg
solution,chemistry,LiFePO‚ÇÑ Grade A+
solution,voltage,51,2 V
solution,capacity,105 Ah
solution,efficiency,> 96%

pricing,contract_10_title,CONTRAT 10 ANS - SOLUTION PREMIUM
pricing,contract_20_title,CONTRAT 20 ANS - SOLUTION OPTIMIS√âE
pricing,contract_20_fleet_title,CONTRAT 20 ANS - FLOTTE 30+ VOITURETTES

comparison,lead_replacements,{{lead_replacements_20y}} remplacements sur 20 ans
comparison,lead_maintenance,12 heures/an
comparison,lead_charging,8-10 heures
comparison,lead_replacement_frequency,Remplacement n√©cessaire tous les 2-5 ans
comparison,lead_replacement_detail,Co√ªt √©lev√© et fr√©quent - d√©gradation rapide
comparison,lithium_replacements,0 remplacement
comparison,lithium_maintenance,0 heure
comparison,lithium_charging,2 heures
comparison,lithium_lifespan,15-20 ans sans remplacement
comparison,lithium_detail,Investissement unique - performance constante

benefits,benefit_1,Une seule batterie pour toute la dur√©e du contrat
benefits,benefit_2,12 heures de maintenance annuelle √©conomis√©es
benefits,benefit_3,Voiturettes plus l√©g√®res et plus fiables
benefits,benefit_4,Budget mensuel fixe et pr√©visible
benefits,benefit_5,Partenaire technique d√©di√© sur toute la dur√©e
benefits,benefit_6,Technologie √©cologique et durable

testimonial,quote,"Depuis l'installation des batteries EDS Qu√©bec, nous avons √©limin√© 95% de nos probl√®mes de voiturettes. Nos golfeurs sont ravis et notre √©quipe d'entretien peut enfin se concentrer sur le parcours !"
testimonial,author,Jean-Michel RIBERA
testimonial,title,Directeur G√©n√©ral
testimonial,company,Tina Golf, Nouvelle-Cal√©donie

contact,specialist_name,Jean-Marc Bucher
contact,specialist_title,Sp√©cialiste Solutions Golf - EDS Qu√©bec
contact,specialist_phone,+1 (819) 323-7859
contact,specialist_email,commande@edsquebec.com
contact,website,www.edsquebec.com

# Section de comparaison moderne vs batteries
vs_batteries,section_title,PLOMB vs LiFePO‚ÇÑ : POURQUOI CHANGER ?
vs_batteries,section_subtitle,Comparaison technique et √©conomique d√©taill√©e
vs_batteries,lead_title,Batteries Plomb Actuelles
vs_batteries,lead_subtitle,Technologie obsol√®te co√ªteuse
vs_batteries,lifepo4_title,Batteries Li-Kart LiFePO‚ÇÑ EDS
vs_batteries,lifepo4_subtitle,Technologie moderne canadienne

# Caract√©ristiques techniques comparatives
vs_batteries,tech_lifespan_label,Dur√©e de vie
vs_batteries,tech_lifespan_lead,2-5 ans maximum
vs_batteries,tech_lifespan_lifepo4,15-20 ans garantis
vs_batteries,tech_cycles_label,Cycles de charge
vs_batteries,tech_cycles_lead,300-500 cycles
vs_batteries,tech_cycles_lifepo4,8 000+ cycles
vs_batteries,tech_charge_label,Temps de charge
vs_batteries,tech_charge_lead,8-10 heures
vs_batteries,tech_charge_lifepo4,2 heures seulement
vs_batteries,tech_weight_label,Poids par voiturette
vs_batteries,tech_weight_lead,300+ kg
vs_batteries,tech_weight_lifepo4,40 kg
vs_batteries,tech_maintenance_label,Maintenance
vs_batteries,tech_maintenance_lead,12h/an obligatoire
vs_batteries,tech_maintenance_lifepo4,Z√©ro maintenance
vs_batteries,tech_performance_label,Performance constante
vs_batteries,tech_performance_lead,D√©gradation 50% en 5 ans
vs_batteries,tech_performance_lifepo4,95% jusqu'√† d√©charge compl√®te

# Co√ªts comparatifs
vs_batteries,cost_initial_label,Investissement initial
vs_batteries,cost_initial_lead,{{lead_cost_replacement_unit}}$ par voiturette
vs_batteries,cost_initial_lifepo4,Location 76-97$/mois
vs_batteries,cost_replacement_label,Remplacements 20 ans
vs_batteries,cost_replacement_lead,{{lead_replacements_20y}} remplacements = {{lead_replacement_cost_with_risk_20y}}$
vs_batteries,cost_replacement_lifepo4,Aucun remplacement
vs_batteries,cost_maintenance_label,Maintenance 20 ans
vs_batteries,cost_maintenance_lead,{{lead_maintenance_total_20y}}$ par voiturette
vs_batteries,cost_maintenance_lifepo4,0$ maintenance
vs_batteries,cost_total_label,CO√õT TOTAL 20 ANS
vs_batteries,cost_total_lead,{{lead_total_20y_per_cart}}$ par voiturette
vs_batteries,cost_total_lifepo4,{{lifepo4_total_20y_per_cart}}$ par voiturette

# Avantages/Inconv√©nients
vs_batteries,advantages_label,AVANTAGES
vs_batteries,disadvantages_label,INCONV√âNIENTS
vs_batteries,lead_advantage_1,Technologie connue
vs_batteries,lead_advantage_2,Disponibilit√© imm√©diate pi√®ces de rechange
vs_batteries,lead_disadvantage_1,Co√ªts explosifs cach√©s
vs_batteries,lead_disadvantage_2,Maintenance constante requise
vs_batteries,lead_disadvantage_3,Performances d√©grad√©es
vs_batteries,lead_disadvantage_4,Mati√®res toxiques dangereuses
vs_batteries,lead_disadvantage_5,Pannes fr√©quentes
vs_batteries,lifepo4_advantage_1,√âconomies {{savings_20y_per_cart}}$ sur 20 ans ({{savings_percentage_20y}}%)
vs_batteries,lifepo4_advantage_2,Aucune maintenance
vs_batteries,lifepo4_advantage_3,Performance constante 15+ ans
vs_batteries,lifepo4_advantage_4,Technologie √©cologique
vs_batteries,lifepo4_advantage_5,Support technique d√©di√©
vs_batteries,lifepo4_advantage_6,Budget pr√©visible fixe
vs_batteries,lifepo4_advantage_7,Investissement initial minimal (location)
vs_batteries,lifepo4_disadvantage_1,Nouveaut√© technologique
vs_batteries,lifepo4_disadvantage_2,Engagement contractuel

# Call to action
vs_batteries,cta_title,PR√äT POUR LA R√âVOLUTION ?
vs_batteries,cta_subtitle,Passez aux batteries Li-Kart LiFePO‚ÇÑ d√®s aujourd'hui
vs_batteries,cta_savings_prefix,√âconomisez {{savings_20y_per_cart}}$ par voiturette sur 20 ans ({{savings_percentage_20y}}% d'√©conomies)
vs_batteries,cta_savings_suffix,
vs_batteries,cta_button_text,Demander une d√©monstration

# Textes fixes de l'interface
ui,hero_image_alt,Voiturette de golf moderne
ui,problem_card_1_title,Co√ªts Cach√©s Explosifs
ui,problem_card_1_suffix,incluant remplacements + maintenance + risques
ui,problem_card_1_total_prefix,Co√ªt total r√©el :
ui,problem_card_2_title,Maintenance Sp√©cialis√©e Co√ªteuse
ui,problem_card_2_suffix,
ui,problem_card_2_cost_prefix,Co√ªt annuel total :
ui,problem_card_3_title,Temps de Charge & Impact Flotte
ui,problem_card_3_charging_prefix,8-10h charge = +40% voiturettes requis :
ui,problem_card_4_title,Poids Excessif & Surconsommation
ui,problem_card_4_weight_prefix,Plus de
ui,problem_card_4_consumption_prefix,Surconsommation 25%
ui,problem_card_5_title,Mati√®res Dangereuses
ui,problem_card_5_training,Recyclage {{recycling_disposal_cost}}$/unit√© + assurances major√©es
ui,problem_card_6_title,Pannes & Remboursements
ui,problem_card_6_risks,{{revenue_loss_yearly}}$/an pertes revenus clients

ui,solution_card_1_title,Autonomie Fiable
ui,solution_card_2_title,Dur√©e de Vie Exceptionnelle
ui,solution_card_2_lifespan_separator,- Dur√©e de vie :
ui,solution_card_3_title,Charge Rapide
ui,solution_card_3_charge_prefix,Recharge compl√®te en
ui,solution_card_4_title,Poids R√©duit
ui,solution_card_4_weight_prefix,Seulement

ui,comparison_title,Comparaison Technologies
ui,comparison_criterion,Crit√®re
ui,comparison_lead_batteries,Batteries Plomb (Actuelles)
ui,comparison_eds_solution,Solution EDS Lithium
ui,comparison_cost_20_years,Co√ªt 20 ans
ui,comparison_replacements,Remplacements
ui,comparison_maintenance,Maintenance
ui,comparison_charging_time,Temps de recharge

ui,pricing_title,Nos Offres Exclusives
ui,pricing_monthly_suffix,par voiturette / mois
ui,pricing_total_suffix,/ mois
ui,pricing_savings_prefix,√âconomie :
ui,pricing_savings_10_suffix,sur 10 ans
ui,pricing_savings_20_prefix,√âconomie MASSIVE :
ui,pricing_savings_20_suffix,sur 20 ans
ui,pricing_savings_fleet_prefix,√âconomie PREMIUM :
ui,pricing_savings_fleet_suffix,sur 20 ans
ui,fleet_minimum_text,Minimum 30 voiturettes

ui,benefits_title,Pourquoi Choisir EDS Qu√©bec ?
ui,benefits_reliability,Fiabilit√©
ui,benefits_simplicity,Simplicit√©
ui,benefits_performance,Performance
ui,benefits_economy,√âconomie
ui,benefits_partnership,Partenariat
ui,benefits_ecology,√âcologie

ui,contact_title,Contactez Notre Sp√©cialiste
ui,contact_subtitle,Planifiez votre d√©monstration gratuite d√®s aujourd'hui !
ui,contact_phone_label,T√©l√©phone
ui,contact_email_label,Email
ui,contact_website_label,Site Web

ui,cart_calculator_title,Calculateur de Flotte
ui,cart_calculator_subtitle,Ajustez le nombre de voiturettes pour voir vos √©conomies
ui,cart_count_label,Nombre de voiturettes :
ui,cart_unit_suffix,voiturette(s)
ui,technician_cost_label,Co√ªt technicien :
ui,technician_rate_unit,$/heure

images,hero_golf_cart,images/golf_cart_sunset.jpg
images,battery_pack,images/battery_pack.jpg
images,old_batteries,images/old_batteries.jpg
images,comparison_chart,images/comparison.jpg
images,golf_course,images/golf_course.jpg

colors,primary_blue,#1e40af
colors,secondary_green,#059669
colors,accent_light_blue,#3b82f6
colors,accent_light_green,#10b981
colors,text_dark,#1f2937
colors,text_light,#6b7280
colors,background_light,#f8fafc
colors,background_dark,#0f172a
colors,background_card,#1e293b
colors,white,#ffffff

# D√©tails des calculs
calculs,lead_battery_cost_detail,Co√ªt unitaire batteries plomb + remplacement
calculs,lead_replacement_schedule,Remplacement n√©cessaire tous les 2-5 ans (moyenne 3.5 ans)
calculs,lead_maintenance_detail,{{lead_maintenance_hours_unit}}h/an de maintenance √ó {{lead_technician_hourly_rate}}$/h technicien sp√©cialis√©
calculs,lithium_advantage,Aucun remplacement sur 15-20 ans + maintenance z√©ro
calculs,total_cost_formula,Prix location mensuel x nombre de voiturettes x dur√©e
calculs,savings_formula,Co√ªt batteries plomb - Co√ªt solution lithium

# ROI et rentabilit√©
roi,break_even_title,Seuil de rentabilit√© atteint d√®s la
roi,break_even_period,1√®re ann√©e
roi,roi_percentage_20y,ROI sur 20 ans
roi,monthly_savings_description,√âconomie mensuelle moyenne par voiturette
roi,yearly_savings_description,√âconomie annuelle par voiturette
roi,payback_description,Amortissement de l'investissement